timeStamp,elapsed,label,responseCode,responseMessage,threadName,dataType,success,failureMessage,bytes,sentBytes,grpThreads,allThreads,URL,Latency,IdleTime,Connect,,
1.72E+12,755,HTTP Request,200,OK,Thread Group 120 1-1,text,TRUE,,1712,12470,2,2,https://skripsi-arcface-psp6a4cyiq-et.a.run.app/upload,755,0,127,,838.9
1.72E+12,828,HTTP Request,200,OK,Thread Group 120 1-2,text,TRUE,,1708,12946,2,2,https://skripsi-arcface-psp6a4cyiq-et.a.run.app/upload,828,0,205,,
1.72E+12,874,HTTP Request,200,OK,Thread Group 120 1-3,text,TRUE,,1708,15364,2,2,https://skripsi-arcface-psp6a4cyiq-et.a.run.app/upload,874,0,121,,
1.72E+12,912,HTTP Request,200,OK,Thread Group 120 1-4,text,TRUE,,1708,12641,2,2,https://skripsi-arcface-psp6a4cyiq-et.a.run.app/upload,912,0,131,,
1.72E+12,956,HTTP Request,200,OK,Thread Group 120 1-5,text,TRUE,,1708,13814,2,2,https://skripsi-arcface-psp6a4cyiq-et.a.run.app/upload,956,0,123,,
1.72E+12,970,HTTP Request,200,OK,Thread Group 120 1-6,text,TRUE,,1708,13440,2,2,https://skripsi-arcface-psp6a4cyiq-et.a.run.app/upload,970,0,118,,
1.72E+12,1001,HTTP Request,200,OK,Thread Group 120 1-7,text,TRUE,,1708,13573,3,3,https://skripsi-arcface-psp6a4cyiq-et.a.run.app/upload,1001,0,91,,
1.72E+12,1016,HTTP Request,200,OK,Thread Group 120 1-8,text,TRUE,,1708,13526,3,3,https://skripsi-arcface-psp6a4cyiq-et.a.run.app/upload,1016,0,104,,
1.72E+12,1027,HTTP Request,200,OK,Thread Group 120 1-9,text,TRUE,,1708,16299,3,3,https://skripsi-arcface-psp6a4cyiq-et.a.run.app/upload,1027,0,270,,
1.72E+12,1049,HTTP Request,200,OK,Thread Group 120 1-10,text,TRUE,,1708,13729,3,3,https://skripsi-arcface-psp6a4cyiq-et.a.run.app/upload,1049,0,96,,
1.72E+12,1008,HTTP Request,200,OK,Thread Group 120 1-11,text,TRUE,,1708,13075,3,3,https://skripsi-arcface-psp6a4cyiq-et.a.run.app/upload,1007,0,111,,
1.72E+12,802,HTTP Request,200,OK,Thread Group 120 1-12,text,TRUE,,1712,16394,2,2,https://skripsi-arcface-psp6a4cyiq-et.a.run.app/upload,802,0,116,,
1.72E+12,758,HTTP Request,200,OK,Thread Group 120 1-13,text,TRUE,,1708,14582,2,2,https://skripsi-arcface-psp6a4cyiq-et.a.run.app/upload,758,0,100,,
1.72E+12,768,HTTP Request,200,OK,Thread Group 120 1-14,text,TRUE,,1708,15322,2,2,https://skripsi-arcface-psp6a4cyiq-et.a.run.app/upload,768,0,106,,
1.72E+12,763,HTTP Request,200,OK,Thread Group 120 1-15,text,TRUE,,1708,13193,2,2,https://skripsi-arcface-psp6a4cyiq-et.a.run.app/upload,763,0,123,,
1.72E+12,679,HTTP Request,200,OK,Thread Group 120 1-16,text,TRUE,,1708,13744,2,2,https://skripsi-arcface-psp6a4cyiq-et.a.run.app/upload,679,0,96,,
1.72E+12,754,HTTP Request,200,OK,Thread Group 120 1-17,text,TRUE,,1708,16629,2,2,https://skripsi-arcface-psp6a4cyiq-et.a.run.app/upload,754,0,146,,
1.72E+12,757,HTTP Request,200,OK,Thread Group 120 1-18,text,TRUE,,1708,17073,2,2,https://skripsi-arcface-psp6a4cyiq-et.a.run.app/upload,757,0,130,,
1.72E+12,736,HTTP Request,200,OK,Thread Group 120 1-19,text,TRUE,,1708,14070,2,2,https://skripsi-arcface-psp6a4cyiq-et.a.run.app/upload,735,0,111,,
1.72E+12,754,HTTP Request,200,OK,Thread Group 120 1-20,text,TRUE,,1708,15707,2,2,https://skripsi-arcface-psp6a4cyiq-et.a.run.app/upload,754,0,126,,
1.72E+12,972,HTTP Request,200,OK,Thread Group 120 1-21,text,TRUE,,1712,14784,2,2,https://skripsi-arcface-psp6a4cyiq-et.a.run.app/upload,972,0,118,,
1.72E+12,674,HTTP Request,200,OK,Thread Group 120 1-23,text,TRUE,,1708,11825,3,3,https://skripsi-arcface-psp6a4cyiq-et.a.run.app/upload,674,0,91,,
1.72E+12,771,HTTP Request,200,OK,Thread Group 120 1-24,text,TRUE,,1708,13770,3,3,https://skripsi-arcface-psp6a4cyiq-et.a.run.app/upload,771,0,138,,
1.72E+12,846,HTTP Request,200,OK,Thread Group 120 1-25,text,TRUE,,1708,17278,3,3,https://skripsi-arcface-psp6a4cyiq-et.a.run.app/upload,846,0,108,,
1.72E+12,922,HTTP Request,200,OK,Thread Group 120 1-26,text,TRUE,,1708,14368,3,3,https://skripsi-arcface-psp6a4cyiq-et.a.run.app/upload,922,0,112,,
1.72E+12,953,HTTP Request,200,OK,Thread Group 120 1-27,text,TRUE,,1708,8917,3,3,https://skripsi-arcface-psp6a4cyiq-et.a.run.app/upload,953,0,150,,
1.72E+12,1005,HTTP Request,200,OK,Thread Group 120 1-28,text,TRUE,,1708,16913,4,4,https://skripsi-arcface-psp6a4cyiq-et.a.run.app/upload,1005,0,109,,
1.72E+12,1091,HTTP Request,200,OK,Thread Group 120 1-29,text,TRUE,,1708,17233,4,4,https://skripsi-arcface-psp6a4cyiq-et.a.run.app/upload,1089,0,130,,
1.72E+12,1611,HTTP Request,200,OK,Thread Group 120 1-22,text,TRUE,,1708,15628,3,3,https://skripsi-arcface-psp6a4cyiq-et.a.run.app/upload,1611,0,159,,
1.72E+12,1240,HTTP Request,200,OK,Thread Group 120 1-30,text,TRUE,,1708,15903,3,3,https://skripsi-arcface-psp6a4cyiq-et.a.run.app/upload,1240,0,125,,
1.72E+12,797,HTTP Request,200,OK,Thread Group 120 1-31,text,TRUE,,1708,12409,2,2,https://skripsi-arcface-psp6a4cyiq-et.a.run.app/upload,797,0,134,,
1.72E+12,892,HTTP Request,200,OK,Thread Group 120 1-32,text,TRUE,,1708,8440,2,2,https://skripsi-arcface-psp6a4cyiq-et.a.run.app/upload,892,0,245,,
1.72E+12,771,HTTP Request,200,OK,Thread Group 120 1-33,text,TRUE,,1708,15598,2,2,https://skripsi-arcface-psp6a4cyiq-et.a.run.app/upload,771,0,107,,
1.72E+12,884,HTTP Request,200,OK,Thread Group 120 1-34,text,TRUE,,1708,14235,2,2,https://skripsi-arcface-psp6a4cyiq-et.a.run.app/upload,884,0,245,,
1.72E+12,1020,HTTP Request,200,OK,Thread Group 120 1-35,text,TRUE,,1712,14099,3,3,https://skripsi-arcface-psp6a4cyiq-et.a.run.app/upload,1020,0,126,,
1.72E+12,872,HTTP Request,200,OK,Thread Group 120 1-36,text,TRUE,,1708,15790,2,2,https://skripsi-arcface-psp6a4cyiq-et.a.run.app/upload,872,0,199,,
1.72E+12,819,HTTP Request,200,OK,Thread Group 120 1-37,text,TRUE,,1708,17332,2,2,https://skripsi-arcface-psp6a4cyiq-et.a.run.app/upload,819,0,109,,
1.72E+12,748,HTTP Request,200,OK,Thread Group 120 1-38,text,TRUE,,1708,12794,2,2,https://skripsi-arcface-psp6a4cyiq-et.a.run.app/upload,748,0,134,,
1.72E+12,737,HTTP Request,200,OK,Thread Group 120 1-39,text,TRUE,,1708,13015,2,2,https://skripsi-arcface-psp6a4cyiq-et.a.run.app/upload,737,0,125,,
1.72E+12,692,HTTP Request,200,OK,Thread Group 120 1-40,text,TRUE,,1708,12158,2,2,https://skripsi-arcface-psp6a4cyiq-et.a.run.app/upload,692,0,102,,
1.72E+12,658,HTTP Request,200,OK,Thread Group 120 1-41,text,TRUE,,1708,12376,2,2,https://skripsi-arcface-psp6a4cyiq-et.a.run.app/upload,658,0,88,,
1.72E+12,695,HTTP Request,200,OK,Thread Group 120 1-42,text,TRUE,,1712,14143,2,2,https://skripsi-arcface-psp6a4cyiq-et.a.run.app/upload,695,0,127,,
1.72E+12,729,HTTP Request,200,OK,Thread Group 120 1-43,text,TRUE,,1708,13525,2,2,https://skripsi-arcface-psp6a4cyiq-et.a.run.app/upload,729,0,156,,
1.72E+12,707,HTTP Request,200,OK,Thread Group 120 1-44,text,TRUE,,1708,14441,2,2,https://skripsi-arcface-psp6a4cyiq-et.a.run.app/upload,707,0,123,,
1.72E+12,697,HTTP Request,200,OK,Thread Group 120 1-45,text,TRUE,,1708,12646,2,2,https://skripsi-arcface-psp6a4cyiq-et.a.run.app/upload,697,0,124,,
1.72E+12,713,HTTP Request,200,OK,Thread Group 120 1-46,text,TRUE,,1708,13132,2,2,https://skripsi-arcface-psp6a4cyiq-et.a.run.app/upload,713,0,114,,
1.72E+12,760,HTTP Request,200,OK,Thread Group 120 1-47,text,TRUE,,1708,17955,2,2,https://skripsi-arcface-psp6a4cyiq-et.a.run.app/upload,760,0,107,,
1.72E+12,839,HTTP Request,200,OK,Thread Group 120 1-48,text,TRUE,,1708,16403,2,2,https://skripsi-arcface-psp6a4cyiq-et.a.run.app/upload,839,0,264,,
1.72E+12,745,HTTP Request,200,OK,Thread Group 120 1-49,text,TRUE,,1708,14500,2,2,https://skripsi-arcface-psp6a4cyiq-et.a.run.app/upload,745,0,124,,
1.72E+12,739,HTTP Request,200,OK,Thread Group 120 1-50,text,TRUE,,1708,16906,2,2,https://skripsi-arcface-psp6a4cyiq-et.a.run.app/upload,739,0,113,,
1.72E+12,749,HTTP Request,200,OK,Thread Group 120 1-51,text,TRUE,,1708,15077,2,2,https://skripsi-arcface-psp6a4cyiq-et.a.run.app/upload,749,0,121,,
1.72E+12,758,HTTP Request,200,OK,Thread Group 120 1-52,text,TRUE,,1708,13575,2,2,https://skripsi-arcface-psp6a4cyiq-et.a.run.app/upload,758,0,166,,
1.72E+12,846,HTTP Request,200,OK,Thread Group 120 1-53,text,TRUE,,1708,16973,2,2,https://skripsi-arcface-psp6a4cyiq-et.a.run.app/upload,846,0,122,,
1.72E+12,717,HTTP Request,200,OK,Thread Group 120 1-54,text,TRUE,,1708,14105,2,2,https://skripsi-arcface-psp6a4cyiq-et.a.run.app/upload,717,0,131,,
1.72E+12,751,HTTP Request,200,OK,Thread Group 120 1-55,text,TRUE,,1708,18569,2,2,https://skripsi-arcface-psp6a4cyiq-et.a.run.app/upload,751,0,134,,
1.72E+12,759,HTTP Request,200,OK,Thread Group 120 1-56,text,TRUE,,1708,17644,2,2,https://skripsi-arcface-psp6a4cyiq-et.a.run.app/upload,759,0,130,,
1.72E+12,744,HTTP Request,200,OK,Thread Group 120 1-57,text,TRUE,,1708,18601,2,2,https://skripsi-arcface-psp6a4cyiq-et.a.run.app/upload,744,0,139,,
1.72E+12,715,HTTP Request,200,OK,Thread Group 120 1-58,text,TRUE,,1708,16033,2,2,https://skripsi-arcface-psp6a4cyiq-et.a.run.app/upload,715,0,131,,
1.72E+12,750,HTTP Request,200,OK,Thread Group 120 1-59,text,TRUE,,1708,17313,2,2,https://skripsi-arcface-psp6a4cyiq-et.a.run.app/upload,750,0,153,,
1.72E+12,701,HTTP Request,200,OK,Thread Group 120 1-60,text,TRUE,,1708,12821,2,2,https://skripsi-arcface-psp6a4cyiq-et.a.run.app/upload,701,0,106,,
1.72E+12,763,HTTP Request,200,OK,Thread Group 120 1-61,text,TRUE,,1708,13487,2,2,https://skripsi-arcface-psp6a4cyiq-et.a.run.app/upload,763,0,134,,
1.72E+12,833,HTTP Request,200,OK,Thread Group 120 1-62,text,TRUE,,1712,16044,2,2,https://skripsi-arcface-psp6a4cyiq-et.a.run.app/upload,833,0,139,,
1.72E+12,706,HTTP Request,200,OK,Thread Group 120 1-63,text,TRUE,,1708,12759,2,2,https://skripsi-arcface-psp6a4cyiq-et.a.run.app/upload,706,0,130,,
1.72E+12,948,HTTP Request,200,OK,Thread Group 120 1-64,text,TRUE,,1708,15144,2,2,https://skripsi-arcface-psp6a4cyiq-et.a.run.app/upload,948,0,130,,
1.72E+12,714,HTTP Request,200,OK,Thread Group 120 1-65,text,TRUE,,1708,15300,2,2,https://skripsi-arcface-psp6a4cyiq-et.a.run.app/upload,714,0,107,,
1.72E+12,748,HTTP Request,200,OK,Thread Group 120 1-66,text,TRUE,,1708,14353,2,2,https://skripsi-arcface-psp6a4cyiq-et.a.run.app/upload,748,0,141,,
1.72E+12,734,HTTP Request,200,OK,Thread Group 120 1-67,text,TRUE,,1708,14364,2,2,https://skripsi-arcface-psp6a4cyiq-et.a.run.app/upload,734,0,125,,
1.72E+12,846,HTTP Request,200,OK,Thread Group 120 1-68,text,TRUE,,1708,17619,2,2,https://skripsi-arcface-psp6a4cyiq-et.a.run.app/upload,846,0,179,,
1.72E+12,688,HTTP Request,200,OK,Thread Group 120 1-69,text,TRUE,,1708,14487,2,2,https://skripsi-arcface-psp6a4cyiq-et.a.run.app/upload,688,0,117,,
1.72E+12,708,HTTP Request,200,OK,Thread Group 120 1-70,text,TRUE,,1708,12191,2,2,https://skripsi-arcface-psp6a4cyiq-et.a.run.app/upload,708,0,133,,
1.72E+12,682,HTTP Request,200,OK,Thread Group 120 1-71,text,TRUE,,1708,12429,2,2,https://skripsi-arcface-psp6a4cyiq-et.a.run.app/upload,682,0,116,,
1.72E+12,674,HTTP Request,200,OK,Thread Group 120 1-72,text,TRUE,,1708,13721,2,2,https://skripsi-arcface-psp6a4cyiq-et.a.run.app/upload,674,0,128,,
1.72E+12,908,HTTP Request,200,OK,Thread Group 120 1-73,text,TRUE,,1708,16300,2,2,https://skripsi-arcface-psp6a4cyiq-et.a.run.app/upload,908,0,113,,
1.72E+12,758,HTTP Request,200,OK,Thread Group 120 1-74,text,TRUE,,1712,13388,2,2,https://skripsi-arcface-psp6a4cyiq-et.a.run.app/upload,758,0,126,,
1.72E+12,727,HTTP Request,200,OK,Thread Group 120 1-75,text,TRUE,,1708,16021,2,2,https://skripsi-arcface-psp6a4cyiq-et.a.run.app/upload,727,0,121,,
1.72E+12,738,HTTP Request,200,OK,Thread Group 120 1-76,text,TRUE,,1708,18575,2,2,https://skripsi-arcface-psp6a4cyiq-et.a.run.app/upload,738,0,124,,
1.72E+12,821,HTTP Request,200,OK,Thread Group 120 1-77,text,TRUE,,1708,12791,2,2,https://skripsi-arcface-psp6a4cyiq-et.a.run.app/upload,821,0,167,,
1.72E+12,749,HTTP Request,200,OK,Thread Group 120 1-79,text,TRUE,,1708,14256,3,3,https://skripsi-arcface-psp6a4cyiq-et.a.run.app/upload,749,0,125,,
1.72E+12,725,HTTP Request,200,OK,Thread Group 120 1-80,text,TRUE,,1708,13431,3,3,https://skripsi-arcface-psp6a4cyiq-et.a.run.app/upload,725,0,130,,
1.72E+12,675,HTTP Request,200,OK,Thread Group 120 1-81,text,TRUE,,1708,12246,3,3,https://skripsi-arcface-psp6a4cyiq-et.a.run.app/upload,675,0,127,,
1.72E+12,748,HTTP Request,200,OK,Thread Group 120 1-82,text,TRUE,,1708,14736,3,3,https://skripsi-arcface-psp6a4cyiq-et.a.run.app/upload,748,0,149,,
1.72E+12,714,HTTP Request,200,OK,Thread Group 120 1-83,text,TRUE,,1708,13534,3,3,https://skripsi-arcface-psp6a4cyiq-et.a.run.app/upload,714,0,129,,
1.72E+12,707,HTTP Request,200,OK,Thread Group 120 1-84,text,TRUE,,1708,13346,3,3,https://skripsi-arcface-psp6a4cyiq-et.a.run.app/upload,707,0,116,,
1.72E+12,652,HTTP Request,200,OK,Thread Group 120 1-86,text,TRUE,,1708,12944,4,4,https://skripsi-arcface-psp6a4cyiq-et.a.run.app/upload,652,0,80,,
1.72E+12,624,HTTP Request,200,OK,Thread Group 120 1-87,text,TRUE,,1708,11918,4,4,https://skripsi-arcface-psp6a4cyiq-et.a.run.app/upload,624,0,91,,
1.72E+12,645,HTTP Request,200,OK,Thread Group 120 1-88,text,TRUE,,1708,11776,4,4,https://skripsi-arcface-psp6a4cyiq-et.a.run.app/upload,645,0,89,,
1.72E+12,700,HTTP Request,200,OK,Thread Group 120 1-89,text,TRUE,,1708,12081,4,4,https://skripsi-arcface-psp6a4cyiq-et.a.run.app/upload,700,0,119,,
1.72E+12,672,HTTP Request,200,OK,Thread Group 120 1-90,text,TRUE,,1708,12922,4,4,https://skripsi-arcface-psp6a4cyiq-et.a.run.app/upload,672,0,108,,
1.72E+12,707,HTTP Request,200,OK,Thread Group 120 1-91,text,TRUE,,1708,14047,4,4,https://skripsi-arcface-psp6a4cyiq-et.a.run.app/upload,707,0,107,,
1.72E+12,700,HTTP Request,200,OK,Thread Group 120 1-93,text,TRUE,,1708,13259,5,5,https://skripsi-arcface-psp6a4cyiq-et.a.run.app/upload,700,0,121,,
1.72E+12,725,HTTP Request,200,OK,Thread Group 120 1-94,text,TRUE,,1708,15436,5,5,https://skripsi-arcface-psp6a4cyiq-et.a.run.app/upload,725,0,140,,
1.72E+12,709,HTTP Request,200,OK,Thread Group 120 1-95,text,TRUE,,1708,16743,5,5,https://skripsi-arcface-psp6a4cyiq-et.a.run.app/upload,709,0,124,,
1.72E+12,738,HTTP Request,200,OK,Thread Group 120 1-96,text,TRUE,,1712,13674,5,5,https://skripsi-arcface-psp6a4cyiq-et.a.run.app/upload,738,0,100,,
1.72E+12,848,HTTP Request,200,OK,Thread Group 120 1-97,text,TRUE,,1708,11503,5,5,https://skripsi-arcface-psp6a4cyiq-et.a.run.app/upload,848,0,86,,
1.72E+12,686,HTTP Request,200,OK,Thread Group 120 1-99,text,TRUE,,1708,12841,6,6,https://skripsi-arcface-psp6a4cyiq-et.a.run.app/upload,686,0,122,,
1.72E+12,793,HTTP Request,200,OK,Thread Group 120 1-100,text,TRUE,,1708,15332,6,6,https://skripsi-arcface-psp6a4cyiq-et.a.run.app/upload,793,0,214,,
1.72E+12,1182,HTTP Request,200,OK,Thread Group 120 1-78,text,TRUE,,1712,14075,5,5,https://skripsi-arcface-psp6a4cyiq-et.a.run.app/upload,1182,0,109,,
1.72E+12,673,HTTP Request,200,OK,Thread Group 120 1-101,text,TRUE,,1712,12943,5,5,https://skripsi-arcface-psp6a4cyiq-et.a.run.app/upload,673,0,80,,
1.72E+12,709,HTTP Request,200,OK,Thread Group 120 1-102,text,TRUE,,1708,15539,5,5,https://skripsi-arcface-psp6a4cyiq-et.a.run.app/upload,709,0,98,,
1.72E+12,721,HTTP Request,200,OK,Thread Group 120 1-103,text,TRUE,,1708,11850,5,5,https://skripsi-arcface-psp6a4cyiq-et.a.run.app/upload,721,0,108,,
1.72E+12,718,HTTP Request,200,OK,Thread Group 120 1-104,text,TRUE,,1712,14390,5,5,https://skripsi-arcface-psp6a4cyiq-et.a.run.app/upload,715,0,111,,
1.72E+12,806,HTTP Request,200,OK,Thread Group 120 1-105,text,TRUE,,1708,14757,5,5,https://skripsi-arcface-psp6a4cyiq-et.a.run.app/upload,806,0,215,,
1.72E+12,757,HTTP Request,200,OK,Thread Group 120 1-107,text,TRUE,,1708,14715,6,6,https://skripsi-arcface-psp6a4cyiq-et.a.run.app/upload,757,0,178,,
1.72E+12,790,HTTP Request,200,OK,Thread Group 120 1-108,text,TRUE,,1708,16053,6,6,https://skripsi-arcface-psp6a4cyiq-et.a.run.app/upload,790,0,120,,
1.72E+12,795,HTTP Request,200,OK,Thread Group 120 1-109,text,TRUE,,1708,14268,6,6,https://skripsi-arcface-psp6a4cyiq-et.a.run.app/upload,795,0,204,,
1.72E+12,756,HTTP Request,200,OK,Thread Group 120 1-110,text,TRUE,,1708,16026,6,6,https://skripsi-arcface-psp6a4cyiq-et.a.run.app/upload,756,0,126,,
1.72E+12,703,HTTP Request,200,OK,Thread Group 120 1-111,text,TRUE,,1708,14885,6,6,https://skripsi-arcface-psp6a4cyiq-et.a.run.app/upload,703,0,109,,
1.72E+12,721,HTTP Request,200,OK,Thread Group 120 1-112,text,TRUE,,1708,15125,6,6,https://skripsi-arcface-psp6a4cyiq-et.a.run.app/upload,721,0,125,,
1.72E+12,712,HTTP Request,200,OK,Thread Group 120 1-113,text,TRUE,,1708,14918,6,6,https://skripsi-arcface-psp6a4cyiq-et.a.run.app/upload,712,0,125,,
1.72E+12,696,HTTP Request,200,OK,Thread Group 120 1-114,text,TRUE,,1708,15075,6,6,https://skripsi-arcface-psp6a4cyiq-et.a.run.app/upload,696,0,106,,
1.72E+12,760,HTTP Request,200,OK,Thread Group 120 1-115,text,TRUE,,1708,17814,6,6,https://skripsi-arcface-psp6a4cyiq-et.a.run.app/upload,760,0,131,,
1.72E+12,716,HTTP Request,200,OK,Thread Group 120 1-117,text,TRUE,,1708,14018,7,7,https://skripsi-arcface-psp6a4cyiq-et.a.run.app/upload,716,0,128,,
1.72E+12,715,HTTP Request,200,OK,Thread Group 120 1-118,text,TRUE,,1708,13719,7,7,https://skripsi-arcface-psp6a4cyiq-et.a.run.app/upload,715,0,128,,
1.72E+12,741,HTTP Request,200,OK,Thread Group 120 1-119,text,TRUE,,1708,13861,7,7,https://skripsi-arcface-psp6a4cyiq-et.a.run.app/upload,741,0,124,,
1.72E+12,1629,HTTP Request,200,OK,Thread Group 120 1-92,text,TRUE,,1708,13907,6,6,https://skripsi-arcface-psp6a4cyiq-et.a.run.app/upload,1629,0,83,,
1.72E+12,2009,HTTP Request,200,OK,Thread Group 120 1-85,text,TRUE,,1712,14507,5,5,https://skripsi-arcface-psp6a4cyiq-et.a.run.app/upload,2009,0,112,,
1.72E+12,1741,HTTP Request,200,OK,Thread Group 120 1-98,text,TRUE,,1712,14010,4,4,https://skripsi-arcface-psp6a4cyiq-et.a.run.app/upload,1741,0,242,,
1.72E+12,1629,HTTP Request,200,OK,Thread Group 120 1-106,text,TRUE,,1712,11765,3,3,https://skripsi-arcface-psp6a4cyiq-et.a.run.app/upload,1629,0,136,,
1.72E+12,1608,HTTP Request,200,OK,Thread Group 120 1-116,text,TRUE,,1712,17175,2,2,https://skripsi-arcface-psp6a4cyiq-et.a.run.app/upload,1608,0,109,,
1.72E+12,1619,HTTP Request,200,OK,Thread Group 120 1-120,text,TRUE,,1708,13810,1,1,https://skripsi-arcface-psp6a4cyiq-et.a.run.app/upload,1619,0,133,,
